Workbook

Sheet Задание 2.0
A1: день рождения | B1: 7
A2: месяц рождения | B2: 8
A3: год рождения | B3: 2004
A4: № дома | B4: 6
A5: № квартиры | B5: 72
A6: № варианта | B6: 53
A7: порядковый № | B7: 5

Sheet Задание 2.1
A1: x | B1: -3 | C1: -2 | D1: -1 | E1: 0 | F1: 1 | G1: 2 | H1: 3
A2: y=|a/b +|x|| | B2: =ABS(('Задание 2.0'!$B$6/'Задание 2.0'!$B$1)+ABS(B$1)) -> 10.571429 | C2: =ABS(('Задание 2.0'!$B$6/'Задание 2.0'!$B$1)+ABS(C$1)) -> 9.5714286 | D2: =ABS(('Задание 2.0'!$B$6/'Задание 2.0'!$B$1)+ABS(D$1)) -> 8.5714286 | E2: =ABS(('Задание 2.0'!$B$6/'Задание 2.0'!$B$1)+ABS(E$1)) -> 7.5714286 | F2: =ABS(('Задание 2.0'!$B$6/'Задание 2.0'!$B$1)+ABS(F$1)) -> 8.5714286 | G2: =ABS(('Задание 2.0'!$B$6/'Задание 2.0'!$B$1)+ABS(G$1)) -> 9.5714286 | H2: =ABS(('Задание 2.0'!$B$6/'Задание 2.0'!$B$1)+ABS(H$1)) -> 10.571429
A17: x | B17: -3.75 | C17: -3.5 | D17: -2 | E17: -1.25 | F17: -1 | G17: -0.5 | H17: 0 | I17: 0.5 | J17: 1 | K17: 1.25 | L17: 2 | M17: 3.5 | N17: 3.75
A18: y=ax^2+bx+c | B18: ='Задание 2.0'!$B$1*B$17^2+'Задание 2.0'!$B$2*B$17+$A$21 -> 72.4375 | C18: ='Задание 2.0'!$B$1*C$17^2+'Задание 2.0'!$B$2*C$17+$A$21 -> 61.75 | D18: ='Задание 2.0'!$B$1*D$17^2+'Задание 2.0'!$B$2*D$17+$A$21 -> 16 | E18: ='Задание 2.0'!$B$1*E$17^2+'Задание 2.0'!$B$2*E$17+$A$21 -> 4.9375 | F18: ='Задание 2.0'!$B$1*F$17^2+'Задание 2.0'!$B$2*F$17+$A$21 -> 3 | G18: ='Задание 2.0'!$B$1*G$17^2+'Задание 2.0'!$B$2*G$17+$A$21 -> 1.75 | H18: ='Задание 2.0'!$B$1*H$17^2+'Задание 2.0'!$B$2*H$17+$A$21 -> 4 | I18: ='Задание 2.0'!$B$1*I$17^2+'Задание 2.0'!$B$2*I$17+$A$21 -> 9.75 | ... N18: ='Задание 2.0'!$B$1*N$17^2+'Задание 2.0'!$B$2*N$17+$A$21 -> 132.4375
A20: c=остат
A21: =MOD('Задание 2.0'!B3,'Задание 2.0'!B7) -> 4
A33: x | B33: -3.75 | C33: -3.5 | D33: -2 | E33: -1.25 | F33: -1 | G33: -0.5 | H33: 0 | I33: 0.5 | J33: 1 | K33: 1.25 | L33: 2 | M33: 3.5 | N33: 3.75
A34: y=|-5x^2+bx+c| | B34: =ABS(-5*B$33^2+$A$37*B$33+$A$40) -> 127.64583 | C34: =ABS(-5*C$33^2+$A$37*C$33+$A$40) -> 112.91667 | D34: =ABS(-5*D$33^2+$A$37*D$33+$A$40) -> 37.666667 | E34: =ABS(-5*E$33^2+$A$37*E$33+$A$40) -> 8.4791667 | F34: =ABS(-5*F$33^2+$A$37*F$33+$A$40) -> 0 | G34: =ABS(-5*G$33^2+$A$37*G$33+$A$40) -> 15.083333 | H34: =ABS(-5*H$33^2+$A$37*H$33+$A$40) -> 27.666667 | I34: =ABS(-5*I$33^2+$A$37*I$33+$A$40) -> 37.75 | ... N34: =ABS(-5*N$33^2+$A$37*N$33+$A$40) -> 42.354167
A36: b=срзнач
A37: =AVERAGE('Задание 2.0'!B1,'Задание 2.0'!B2,'Задание 2.0'!B6) -> 22.666667
A39: c=срзнач
A40: =AVERAGE('Задание 2.0'!B4,'Задание 2.0'!B5,'Задание 2.0'!B7) -> 27.666667
A49: x | B49: -4 | C49: -2 | D49: -1 | E49: 0 | F49: 1 | G49: 2 | H49: 4
A50: y=logₐb | B50: =LOG($A$56,$A$53) -> 2.8774438 | C50: =LOG($A$56,$A$53) -> 2.8774438 | D50: =LOG($A$56,$A$53) -> 2.8774438 | E50: =LOG($A$56,$A$53) -> 2.8774438 | F50: =LOG($A$56,$A$53) -> 2.8774438 | G50: =LOG($A$56,$A$53) -> 2.8774438 | H50: =LOG($A$56,$A$53) -> 2.8774438
A52: a=мод +3
A53: =ABS('Задание 2.0'!B4-'Задание 2.0'!B1)+3 -> 4
A55: b=НОД
A56: =GCD('Задание 2.0'!B1,'Задание 2.0'!B5)+'Задание 2.0'!B6 -> 54

Sheet Задание 2.2
A1: a | B1: 1
A2: b | B2: 1
B4: -7 | C4: -6 | D4: -5 | E4: -4 | F4: -3 | G4: -2 | H4: -1 | I4: 0 | J4: 1 | K4: 2 | L4: 3 | M4: 4 | N4: 5 | O4: 6 | P4: 7
A5: -5 | B5: =(B$4^2/$B$1^2)+($A5^2/$B$2^2) -> 74 | C5: =(C$4^2/$B$1^2)+($A5^2/$B$2^2) -> 61 | D5: =(D$4^2/$B$1^2)+($A5^2/$B$2^2) -> 50 | E5: =(E$4^2/$B$1^2)+($A5^2/$B$2^2) -> 41 | F5: =(F$4^2/$B$1^2)+($A5^2/$B$2^2) -> 34 | G5: =(G$4^2/$B$1^2)+($A5^2/$B$2^2) -> 29 | H5: =(H$4^2/$B$1^2)+($A5^2/$B$2^2) -> 26 | I5: =(I$4^2/$B$1^2)+($A5^2/$B$2^2) -> 25 | ... P5: =(P$4^2/$B$1^2)+($A5^2/$B$2^2) -> 74
A6: -4 | B6: =(B$4^2/$B$1^2)+($A6^2/$B$2^2) -> 65 | C6: =(C$4^2/$B$1^2)+($A6^2/$B$2^2) -> 52 | D6: =(D$4^2/$B$1^2)+($A6^2/$B$2^2) -> 41 | E6: =(E$4^2/$B$1^2)+($A6^2/$B$2^2) -> 32 | F6: =(F$4^2/$B$1^2)+($A6^2/$B$2^2) -> 25 | G6: =(G$4^2/$B$1^2)+($A6^2/$B$2^2) -> 20 | H6: =(H$4^2/$B$1^2)+($A6^2/$B$2^2) -> 17 | I6: =(I$4^2/$B$1^2)+($A6^2/$B$2^2) -> 16 | ... P6: =(P$4^2/$B$1^2)+($A6^2/$B$2^2) -> 65
A7: -3 | B7: =(B$4^2/$B$1^2)+($A7^2/$B$2^2) -> 58 | C7: =(C$4^2/$B$1^2)+($A7^2/$B$2^2) -> 45 | D7: =(D$4^2/$B$1^2)+($A7^2/$B$2^2) -> 34 | E7: =(E$4^2/$B$1^2)+($A7^2/$B$2^2) -> 25 | F7: =(F$4^2/$B$1^2)+($A7^2/$B$2^2) -> 18 | G7: =(G$4^2/$B$1^2)+($A7^2/$B$2^2) -> 13 | H7: =(H$4^2/$B$1^2)+($A7^2/$B$2^2) -> 10 | I7: =(I$4^2/$B$1^2)+($A7^2/$B$2^2) -> 9 | ... P7: =(P$4^2/$B$1^2)+($A7^2/$B$2^2) -> 58
A8: -2 | B8: =(B$4^2/$B$1^2)+($A8^2/$B$2^2) -> 53 | C8: =(C$4^2/$B$1^2)+($A8^2/$B$2^2) -> 40 | D8: =(D$4^2/$B$1^2)+($A8^2/$B$2^2) -> 29 | E8: =(E$4^2/$B$1^2)+($A8^2/$B$2^2) -> 20 | F8: =(F$4^2/$B$1^2)+($A8^2/$B$2^2) -> 13 | G8: =(G$4^2/$B$1^2)+($A8^2/$B$2^2) -> 8 | H8: =(H$4^2/$B$1^2)+($A8^2/$B$2^2) -> 5 | I8: =(I$4^2/$B$1^2)+($A8^2/$B$2^2) -> 4 | ... P8: =(P$4^2/$B$1^2)+($A8^2/$B$2^2) -> 53
A9: -1 | B9: =(B$4^2/$B$1^2)+($A9^2/$B$2^2) -> 50 | C9: =(C$4^2/$B$1^2)+($A9^2/$B$2^2) -> 37 | D9: =(D$4^2/$B$1^2)+($A9^2/$B$2^2) -> 26 | E9: =(E$4^2/$B$1^2)+($A9^2/$B$2^2) -> 17 | F9: =(F$4^2/$B$1^2)+($A9^2/$B$2^2) -> 10 | G9: =(G$4^2/$B$1^2)+($A9^2/$B$2^2) -> 5 | H9: =(H$4^2/$B$1^2)+($A9^2/$B$2^2) -> 2 | I9: =(I$4^2/$B$1^2)+($A9^2/$B$2^2) -> 1 | ... P9: =(P$4^2/$B$1^2)+($A9^2/$B$2^2) -> 50
A10: 0 | B10: =(B$4^2/$B$1^2)+($A10^2/$B$2^2) -> 49 | C10: =(C$4^2/$B$1^2)+($A10^2/$B$2^2) -> 36 | D10: =(D$4^2/$B$1^2)+($A10^2/$B$2^2) -> 25 | E10: =(E$4^2/$B$1^2)+($A10^2/$B$2^2) -> 16 | F10: =(F$4^2/$B$1^2)+($A10^2/$B$2^2) -> 9 | G10: =(G$4^2/$B$1^2)+($A10^2/$B$2^2) -> 4 | H10: =(H$4^2/$B$1^2)+($A10^2/$B$2^2) -> 1 | I10: =(I$4^2/$B$1^2)+($A10^2/$B$2^2) -> 0 | ... P10: =(P$4^2/$B$1^2)+($A10^2/$B$2^2) -> 49
A11: 1 | B11: =(B$4^2/$B$1^2)+($A11^2/$B$2^2) -> 50 | C11: =(C$4^2/$B$1^2)+($A11^2/$B$2^2) -> 37 | D11: =(D$4^2/$B$1^2)+($A11^2/$B$2^2) -> 26 | E11: =(E$4^2/$B$1^2)+($A11^2/$B$2^2) -> 17 | F11: =(F$4^2/$B$1^2)+($A11^2/$B$2^2) -> 10 | G11: =(G$4^2/$B$1^2)+($A11^2/$B$2^2) -> 5 | H11: =(H$4^2/$B$1^2)+($A11^2/$B$2^2) -> 2 | I11: =(I$4^2/$B$1^2)+($A11^2/$B$2^2) -> 1 | ... P11: =(P$4^2/$B$1^2)+($A11^2/$B$2^2) -> 50
A12: 2 | B12: =(B$4^2/$B$1^2)+($A12^2/$B$2^2) -> 53 | C12: =(C$4^2/$B$1^2)+($A12^2/$B$2^2) -> 40 | D12: =(D$4^2/$B$1^2)+($A12^2/$B$2^2) -> 29 | E12: =(E$4^2/$B$1^2)+($A12^2/$B$2^2) -> 20 | F12: =(F$4^2/$B$1^2)+($A12^2/$B$2^2) -> 13 | G12: =(G$4^2/$B$1^2)+($A12^2/$B$2^2) -> 8 | H12: =(H$4^2/$B$1^2)+($A12^2/$B$2^2) -> 5 | I12: =(I$4^2/$B$1^2)+($A12^2/$B$2^2) -> 4 | ... P12: =(P$4^2/$B$1^2)+($A12^2/$B$2^2) -> 53
A13: 3 | B13: =(B$4^2/$B$1^2)+($A13^2/$B$2^2) -> 58 | C13: =(C$4^2/$B$1^2)+($A13^2/$B$2^2) -> 45 | D13: =(D$4^2/$B$1^2)+($A13^2/$B$2^2) -> 34 | E13: =(E$4^2/$B$1^2)+($A13^2/$B$2^2) -> 25 | F13: =(F$4^2/$B$1^2)+($A13^2/$B$2^2) -> 18 | G13: =(G$4^2/$B$1^2)+($A13^2/$B$2^2) -> 13 | H13: =(H$4^2/$B$1^2)+($A13^2/$B$2^2) -> 10 | I13: =(I$4^2/$B$1^2)+($A13^2/$B$2^2) -> 9 | ... P13: =(P$4^2/$B$1^2)+($A13^2/$B$2^2) -> 58
A14: 4 | B14: =(B$4^2/$B$1^2)+($A14^2/$B$2^2) -> 65 | C14: =(C$4^2/$B$1^2)+($A14^2/$B$2^2) -> 52 | D14: =(D$4^2/$B$1^2)+($A14^2/$B$2^2) -> 41 | E14: =(E$4^2/$B$1^2)+($A14^2/$B$2^2) -> 32 | F14: =(F$4^2/$B$1^2)+($A14^2/$B$2^2) -> 25 | G14: =(G$4^2/$B$1^2)+($A14^2/$B$2^2) -> 20 | H14: =(H$4^2/$B$1^2)+($A14^2/$B$2^2) -> 17 | I14: =(I$4^2/$B$1^2)+($A14^2/$B$2^2) -> 16 | ... P14: =(P$4^2/$B$1^2)+($A14^2/$B$2^2) -> 65
A15: 5 | B15: =(B$4^2/$B$1^2)+($A15^2/$B$2^2) -> 74 | C15: =(C$4^2/$B$1^2)+($A15^2/$B$2^2) -> 61 | D15: =(D$4^2/$B$1^2)+($A15^2/$B$2^2) -> 50 | E15: =(E$4^2/$B$1^2)+($A15^2/$B$2^2) -> 41 | F15: =(F$4^2/$B$1^2)+($A15^2/$B$2^2) -> 34 | G15: =(G$4^2/$B$1^2)+($A15^2/$B$2^2) -> 29 | H15: =(H$4^2/$B$1^2)+($A15^2/$B$2^2) -> 26 | I15: =(I$4^2/$B$1^2)+($A15^2/$B$2^2) -> 25 | ... P15: =(P$4^2/$B$1^2)+($A15^2/$B$2^2) -> 74

Sheet Задание 2.2 (2)
A1: a | B1: 5
A2: b | B2: 87
B4: -7 | C4: -6 | D4: -5 | E4: -4 | F4: -3 | G4: -2 | H4: -1 | I4: 0 | J4: 1 | K4: 2 | L4: 3 | M4: 4 | N4: 5 | O4: 6 | P4: 7
A5: -5 | B5: =(B$4^2/$B$1^2)+($A5^2/$B$2^2) -> 1.9633029 | C5: =(C$4^2/$B$1^2)+($A5^2/$B$2^2) -> 1.4433029 | D5: =(D$4^2/$B$1^2)+($A5^2/$B$2^2) -> 1.0033029 | E5: =(E$4^2/$B$1^2)+($A5^2/$B$2^2) -> 0.64330295 | F5: =(F$4^2/$B$1^2)+($A5^2/$B$2^2) -> 0.36330295 | G5: =(G$4^2/$B$1^2)+($A5^2/$B$2^2) -> 0.16330295 | H5: =(H$4^2/$B$1^2)+($A5^2/$B$2^2) -> 0.043302946 | I5: =(I$4^2/$B$1^2)+($A5^2/$B$2^2) -> 0.0033029462 | ... P5: =(P$4^2/$B$1^2)+($A5^2/$B$2^2) -> 1.9633029
A6: -4 | B6: =(B$4^2/$B$1^2)+($A6^2/$B$2^2) -> 1.9621139 | C6: =(C$4^2/$B$1^2)+($A6^2/$B$2^2) -> 1.4421139 | D6: =(D$4^2/$B$1^2)+($A6^2/$B$2^2) -> 1.0021139 | E6: =(E$4^2/$B$1^2)+($A6^2/$B$2^2) -> 0.64211389 | F6: =(F$4^2/$B$1^2)+($A6^2/$B$2^2) -> 0.36211389 | G6: =(G$4^2/$B$1^2)+($A6^2/$B$2^2) -> 0.16211389 | H6: =(H$4^2/$B$1^2)+($A6^2/$B$2^2) -> 0.042113886 | I6: =(I$4^2/$B$1^2)+($A6^2/$B$2^2) -> 0.0021138856 | ... P6: =(P$4^2/$B$1^2)+($A6^2/$B$2^2) -> 1.9621139
A7: -3 | B7: =(B$4^2/$B$1^2)+($A7^2/$B$2^2) -> 1.9611891 | C7: =(C$4^2/$B$1^2)+($A7^2/$B$2^2) -> 1.4411891 | D7: =(D$4^2/$B$1^2)+($A7^2/$B$2^2) -> 1.0011891 | E7: =(E$4^2/$B$1^2)+($A7^2/$B$2^2) -> 0.64118906 | F7: =(F$4^2/$B$1^2)+($A7^2/$B$2^2) -> 0.36118906 | G7: =(G$4^2/$B$1^2)+($A7^2/$B$2^2) -> 0.16118906 | H7: =(H$4^2/$B$1^2)+($A7^2/$B$2^2) -> 0.041189061 | I7: =(I$4^2/$B$1^2)+($A7^2/$B$2^2) -> 0.0011890606 | ... P7: =(P$4^2/$B$1^2)+($A7^2/$B$2^2) -> 1.9611891
A8: -2 | B8: =(B$4^2/$B$1^2)+($A8^2/$B$2^2) -> 1.9605285 | C8: =(C$4^2/$B$1^2)+($A8^2/$B$2^2) -> 1.4405285 | D8: =(D$4^2/$B$1^2)+($A8^2/$B$2^2) -> 1.0005285 | E8: =(E$4^2/$B$1^2)+($A8^2/$B$2^2) -> 0.64052847 | F8: =(F$4^2/$B$1^2)+($A8^2/$B$2^2) -> 0.36052847 | G8: =(G$4^2/$B$1^2)+($A8^2/$B$2^2) -> 0.16052847 | H8: =(H$4^2/$B$1^2)+($A8^2/$B$2^2) -> 0.040528471 | I8: =(I$4^2/$B$1^2)+($A8^2/$B$2^2) -> 0.0005284714 | ... P8: =(P$4^2/$B$1^2)+($A8^2/$B$2^2) -> 1.9605285
A9: -1 | B9: =(B$4^2/$B$1^2)+($A9^2/$B$2^2) -> 1.9601321 | C9: =(C$4^2/$B$1^2)+($A9^2/$B$2^2) -> 1.4401321 | D9: =(D$4^2/$B$1^2)+($A9^2/$B$2^2) -> 1.0001321 | E9: =(E$4^2/$B$1^2)+($A9^2/$B$2^2) -> 0.64013212 | F9: =(F$4^2/$B$1^2)+($A9^2/$B$2^2) -> 0.36013212 | G9: =(G$4^2/$B$1^2)+($A9^2/$B$2^2) -> 0.16013212 | H9: =(H$4^2/$B$1^2)+($A9^2/$B$2^2) -> 0.040132118 | I9: =(I$4^2/$B$1^2)+($A9^2/$B$2^2) -> 0.00013211785 | ... P9: =(P$4^2/$B$1^2)+($A9^2/$B$2^2) -> 1.9601321
A10: 0 | B10: =(B$4^2/$B$1^2)+($A10^2/$B$2^2) -> 1.96 | C10: =(C$4^2/$B$1^2)+($A10^2/$B$2^2) -> 1.44 | D10: =(D$4^2/$B$1^2)+($A10^2/$B$2^2) -> 1 | E10: =(E$4^2/$B$1^2)+($A10^2/$B$2^2) -> 0.64 | F10: =(F$4^2/$B$1^2)+($A10^2/$B$2^2) -> 0.36 | G10: =(G$4^2/$B$1^2)+($A10^2/$B$2^2) -> 0.16 | H10: =(H$4^2/$B$1^2)+($A10^2/$B$2^2) -> 0.04 | I10: =(I$4^2/$B$1^2)+($A10^2/$B$2^2) -> 0 | ... P10: =(P$4^2/$B$1^2)+($A10^2/$B$2^2) -> 1.96
A11: 1 | B11: =(B$4^2/$B$1^2)+($A11^2/$B$2^2) -> 1.9601321 | C11: =(C$4^2/$B$1^2)+($A11^2/$B$2^2) -> 1.4401321 | D11: =(D$4^2/$B$1^2)+($A11^2/$B$2^2) -> 1.0001321 | E11: =(E$4^2/$B$1^2)+($A11^2/$B$2^2) -> 0.64013212 | F11: =(F$4^2/$B$1^2)+($A11^2/$B$2^2) -> 0.36013212 | G11: =(G$4^2/$B$1^2)+($A11^2/$B$2^2) -> 0.16013212 | H11: =(H$4^2/$B$1^2)+($A11^2/$B$2^2) -> 0.040132118 | I11: =(I$4^2/$B$1^2)+($A11^2/$B$2^2) -> 0.00013211785 | ... P11: =(P$4^2/$B$1^2)+($A11^2/$B$2^2) -> 1.9601321
A12: 2 | B12: =(B$4^2/$B$1^2)+($A12^2/$B$2^2) -> 1.9605285 | C12: =(C$4^2/$B$1^2)+($A12^2/$B$2^2) -> 1.4405285 | D12: =(D$4^2/$B$1^2)+($A12^2/$B$2^2) -> 1.0005285 | E12: =(E$4^2/$B$1^2)+($A12^2/$B$2^2) -> 0.64052847 | F12: =(F$4^2/$B$1^2)+($A12^2/$B$2^2) -> 0.36052847 | G12: =(G$4^2/$B$1^2)+($A12^2/$B$2^2) -> 0.16052847 | H12: =(H$4^2/$B$1^2)+($A12^2/$B$2^2) -> 0.040528471 | I12: =(I$4^2/$B$1^2)+($A12^2/$B$2^2) -> 0.0005284714 | ... P12: =(P$4^2/$B$1^2)+($A12^2/$B$2^2) -> 1.9605285
A13: 3 | B13: =(B$4^2/$B$1^2)+($A13^2/$B$2^2) -> 1.9611891 | C13: =(C$4^2/$B$1^2)+($A13^2/$B$2^2) -> 1.4411891 | D13: =(D$4^2/$B$1^2)+($A13^2/$B$2^2) -> 1.0011891 | E13: =(E$4^2/$B$1^2)+($A13^2/$B$2^2) -> 0.64118906 | F13: =(F$4^2/$B$1^2)+($A13^2/$B$2^2) -> 0.36118906 | G13: =(G$4^2/$B$1^2)+($A13^2/$B$2^2) -> 0.16118906 | H13: =(H$4^2/$B$1^2)+($A13^2/$B$2^2) -> 0.041189061 | I13: =(I$4^2/$B$1^2)+($A13^2/$B$2^2) -> 0.0011890606 | ... P13: =(P$4^2/$B$1^2)+($A13^2/$B$2^2) -> 1.9611891
A14: 4 | B14: =(B$4^2/$B$1^2)+($A14^2/$B$2^2) -> 1.9621139 | C14: =(C$4^2/$B$1^2)+($A14^2/$B$2^2) -> 1.4421139 | D14: =(D$4^2/$B$1^2)+($A14^2/$B$2^2) -> 1.0021139 | E14: =(E$4^2/$B$1^2)+($A14^2/$B$2^2) -> 0.64211389 | F14: =(F$4^2/$B$1^2)+($A14^2/$B$2^2) -> 0.36211389 | G14: =(G$4^2/$B$1^2)+($A14^2/$B$2^2) -> 0.16211389 | H14: =(H$4^2/$B$1^2)+($A14^2/$B$2^2) -> 0.042113886 | I14: =(I$4^2/$B$1^2)+($A14^2/$B$2^2) -> 0.0021138856 | ... P14: =(P$4^2/$B$1^2)+($A14^2/$B$2^2) -> 1.9621139
A15: 5 | B15: =(B$4^2/$B$1^2)+($A15^2/$B$2^2) -> 1.9633029 | C15: =(C$4^2/$B$1^2)+($A15^2/$B$2^2) -> 1.4433029 | D15: =(D$4^2/$B$1^2)+($A15^2/$B$2^2) -> 1.0033029 | E15: =(E$4^2/$B$1^2)+($A15^2/$B$2^2) -> 0.64330295 | F15: =(F$4^2/$B$1^2)+($A15^2/$B$2^2) -> 0.36330295 | G15: =(G$4^2/$B$1^2)+($A15^2/$B$2^2) -> 0.16330295 | H15: =(H$4^2/$B$1^2)+($A15^2/$B$2^2) -> 0.043302946 | I15: =(I$4^2/$B$1^2)+($A15^2/$B$2^2) -> 0.0033029462 | ... P15: =(P$4^2/$B$1^2)+($A15^2/$B$2^2) -> 1.9633029
