Workbook

Sheet Таблица1
A1: ID | B1: Номера банковских счетов (кредитных карт) | C1: Секретные слова (ответы) на специальные секретные вопросы, используемые при идентификации вашего аккаунта | D1: PIN-коды | E1: Ваши имя и фамилия | F1: Ваша дата рождения | H1: понятие темы
A2: 1572504122 | B2: 1 | C2: 1 | D2: 1 | E2: 0 | F2: 1 | G2: 0 | H2: есть
A3: 1572501901 | B3: 1 | C3: 1 | D3: 1 | E3: 1 | F3: 0 | G3: 0 | H3: есть
A4: 1572444098 | B4: 1 | C4: 1 | D4: 1 | E4: 1 | F4: 1 | G4: 0 | H4: есть
A5: 1572291926 | B5: 1 | C5: 1 | D5: 1 | E5: 0 | F5: 0 | G5: 0 | H5: есть
A6: 1572200604 | B6: 1 | C6: 1 | D6: 1 | E6: 0 | F6: 0 | G6: 0 | H6: есть
A7: 1572198238 | B7: 1 | C7: 1 | D7: 1 | E7: 0 | F7: 0 | G7: 0 | H7: есть
A8: 1572198049 | B8: 1 | C8: 1 | D8: 1 | E8: 0 | F8: 0 | G8: 0 | H8: есть
A9: 1572197084 | B9: 1 | C9: 1 | D9: 1 | E9: 0 | F9: 0 | G9: 0 | H9: есть
A10: 1572197021 | B10: 1 | C10: 0 | D10: 1 | E10: 0 | F10: 0 | G10: 0 | H10: есть
A11: 1572196575 | B11: 1 | C11: 1 | D11: 1 | E11: 0 | F11: 0 | G11: 0 | H11: есть
A12: 1572196169 | B12: 0 | C12: 1 | D12: 1 | E12: 0 | F12: 0 | G12: 0 | H12: есть
A13: 1572196153 | B13: 1 | C13: 1 | D13: 1 | E13: 1 | F13: 1 | G13: 0 | H13: есть
... A28: 1572189680 | B28: 1 | C28: 1 | D28: 1 | E28: 0 | F28: 0 | G28: 0 | H28: есть

Sheet Сводные данные 1
A1: Варианта ответов | D1: кол-во человек
A2: Номера банковских счетов (кредитных карт) | D2: 23
A3: Секретные слова (ответы) на специальные секретные вопросы, используемые при идентификации вашего аккаунта | D3: 26
A4: PIN-коды | D4: 27
A5: Ваши имя и фамилия | D5: 5
A6: Ваша дата рождения | D6: 7

Sheet Гистограмма1

Sheet Таблица2
A1: ID | B1: Вам пришло письмо о том, что вы выиграли в лотерее | C1: Сообщение от Госуслуг о задолженности | D1: Перевод средств (Вам)
A2: 1573129188 | B2: это мошенники | C2: есть сомнения, необходимо проверить | D2: это мошенники
A3: 1572504122 | B3: есть сомнения, необходимо проверить | C3: есть сомнения, необходимо проверить | D3: это точно не мошенники
A4: 1572501901 | B4: есть сомнения, необходимо проверить | C4: есть сомнения, необходимо проверить | D4: это точно не мошенники
A5: 1572444098 | B5: это мошенники | C5: это точно не мошенники | D5: есть сомнения, необходимо проверить
A6: 1572291926 | B6: это мошенники | C6: это точно не мошенники | D6: есть сомнения, необходимо проверить
A7: 1572200604 | B7: это мошенники | C7: это мошенники | D7: есть сомнения, необходимо проверить
A8: 1572198238 | B8: это мошенники | C8: есть сомнения, необходимо проверить | D8: есть сомнения, необходимо проверить
A9: 1572198049 | B9: это мошенники | C9: это точно не мошенники | D9: есть сомнения, необходимо проверить
A10: 1572197084 | B10: это мошенники | C10: есть сомнения, необходимо проверить | D10: это точно не мошенники
A11: 1572197021 | B11: это мошенники | C11: это мошенники | D11: это мошенники
A12: 1572196575 | B12: это мошенники | C12: это точно не мошенники | D12: это точно не мошенники
... A29: 1572189680 | B29: это мошенники | C29: это точно не мошенники | D29: это точно не мошенники

Sheet Таблица3
A1: варианта ответов | B1: кол-во | C1: ранг | D1: ранг теор
A2: Номера банковских счетов (кредитных карт) | B2: =SUM(Таблица1!B2:B28) -> 23 | C2: =RANK(B2,$B$2:$B$6) -> 3 | D2: 2
A3: Секретные слова (ответы) на специальные секретные вопросы, используемые при идентификации вашего аккаунта | B3: =SUM(Таблица1!C2:C28) -> 26 | C3: =RANK(B3,$B$2:$B$6) -> 2 | D3: 3
A4: PIN-коды | B4: =SUM(Таблица1!D2:D28) -> 27 | C4: =RANK(B4,$B$2:$B$6) -> 1 | D4: 1
A5: Ваши имя и фамилия | B5: =SUM(Таблица1!E2:E28) -> 5 | C5: =RANK(B5,$B$2:$B$6) -> 5 | D5: 5
A6: Ваша дата рождения | B6: =SUM(Таблица1!F2:F28) -> 7 | C6: =RANK(B6,$B$2:$B$6) -> 4 | D6: 4

Sheet Ранг корреляции
A1: варианта ответов | B1: кол-во | C1: ранг | D1: ранг теор | F1: d | G1: d^2
A2: Номера банковских счетов (кредитных карт) | B2: =SUM(Таблица1!B2:B28) -> 23 | C2: =RANK(B2,$B$2:$B$6) -> 3 | D2: 2 | F2: =C2-D2 -> 1 | G2: =F2^2 -> 1
A3: Секретные слова (ответы) на специальные секретные вопросы, используемые при идентификации вашего аккаунта | B3: =SUM(Таблица1!C2:C28) -> 26 | C3: =RANK(B3,$B$2:$B$6) -> 2 | D3: 3 | F3: =C3-D3 -> -1 | G3: =F3^2 -> 1
A4: PIN-коды | B4: =SUM(Таблица1!D2:D28) -> 27 | C4: =RANK(B4,$B$2:$B$6) -> 1 | D4: 1 | F4: =C4-D4 -> 0 | G4: =F4^2 -> 0
A5: Ваши имя и фамилия | B5: =SUM(Таблица1!E2:E28) -> 5 | C5: =RANK(B5,$B$2:$B$6) -> 5 | D5: 5 | F5: =C5-D5 -> 0 | G5: =F5^2 -> 0
A6: Ваша дата рождения | B6: =SUM(Таблица1!F2:F28) -> 7 | C6: =RANK(B6,$B$2:$B$6) -> 4 | D6: 4 | F6: =C6-D6 -> 0 | G6: =F6^2 -> 0
A7: Сумма: | G7: =SUM(G2:G6) -> 2
A9: Количество вводимых данных
A10: 5
A12: Ранг корреляции
A13: Способ 1(постепенное вычисление) | C13: =1-((6*G7)/(A10*(A10*A10-1))) -> 0.9
A14: Способ 2(функция КОРРЕЛ) | C14: =CORREL(C2:C6,D2:D6) -> 0.9

Sheet Диаграмма1

Sheet Диаграмма2
